Company_Name,Company_Link,Title,Location,Estimated_Salary,Job_Description,Job_Age,Application_Link
"['Tyson Foods, Inc.', '3.5']",http://www.tysonfoods.com/,IT Director of Enterprise Analytics,"Springdale, AR",$99K - $139K (Glassdoor est.),"Job Details:
Reporting directly to the VP of IT Insights-as-a-Service this role will help implement the Analytics strategy with responsibility for all aspects of end user analytics experience at Tyson Foods. This role will be ultimately responsible for enabling Tyson employee partners and customers better access to data and tools that drive insights and effective decision making. With analytics first goal this role will help develop the analytics strategy and business framework to enable this for custom built and off the shelf solutions. Team leadership and evolving Tyson Foods skill profile will be required as we continue to pursue our strategy towards a cloud native modern data platform. This strategy should be broader than just reports and dashboards and should align with Tyson’s analytics first strategy to enable our business with data driven decision making. A rich history of building strong end user experiences in analytics products with a strong focus on driving business outcomes through data is required. This role must have a strong technical background in data and data systems to ensure robust, flexible and scalable solutions. Additionally, this role will require building strong business relationships, adapting to new and changing business climates and a strong business acumen.
Yes


1ST SHIFT (United States of America)",22d,www.glassdoor.com/partner/jobListing.htm?pos=101&ao=1136043&s=58&guid=000001846af940c7aeb07ef84e1528e6&src=GD_JOB_VIEW&t=SR&vt=w&cs=1_e47499f3&cb=1668242036208&jobListingId=1008221481041&jrtk=3-0-1ghlfig7i24hu001-1ghlfig88i7ko800-c00cb92580342777-
"['Tyson Foods, Inc.', '3.5']",http://www.tysonfoods.com/,IT Director of Enterprise Analytics,"Springdale, AR",$99K - $139K (Glassdoor est.),"Job Details:
The Automation organization is a growing organization at Tyson Foods that is responsible for the development and validation of innovative robotics and automation technologies and solutions that improve team member safety, optimize labor and yield, ensure food safety, and provide a framework for sustainable profitability.
As a Lead Automation and Robotics engineer, you will study Tyson operations and work with analysts and process experts to come up with innovative robotics and automation solutions that can be standardized and scaled within Tyson. This can involve sourcing solutions from established vendors, co-developing solutions with our strategic vendors, collaborating with startup companies, and/or doing R&D work to create solutions that are unique to Tyson needs. This role will technically lead a team to identify opportunities, develop proof of concept solutions and present to executive leadership. These opportunities will be founded in data from our systems of record and this team will be solving problems that best meet the needs of our business and are in high demand. Upon approval, this position would then lead the implementation of these solutions into production facilities. It will require a strong partnership with the existing engineering groups, production plant leadership, maintenance teams, IT organization and executive leadership. In this role you will work closely with others and lead / mentor more junior team members to deliver against objectives.
Yes


1ST SHIFT (United States of America)",23d,www.glassdoor.com/partner/jobListing.htm?pos=102&ao=1136043&s=58&guid=000001846af940c7aeb07ef84e1528e6&src=GD_JOB_VIEW&t=SR&vt=w&cs=1_8f2463f5&cb=1668242038040&jobListingId=1008218447916&jrtk=3-0-1ghlfig7i24hu001-1ghlfig88i7ko800-ab8f3401176d6a04-
"['Tyson Foods, Inc.', '3.5']",http://www.tysonfoods.com/,IT Director of Enterprise Analytics,"Springdale, AR",$99K - $139K (Glassdoor est.),"Job Details:
Job Purpose/Summary:
This role will be part of a new team that is being commissioned to investigate, evaluate and develop automation solutions for Tyson Foods. The role will consist of visiting, documenting and solutioning new automation and robotics capabilities into Tyson’s production plants. This is a role focused on the use of modern technologies such as Internet of Things, predictive and prescriptive analytics, machine learning and artificial intelligence. This role / team will identify opportunities, develop proof of concept solutions and present to executive leadership. Upon approval, this team would then work to implement these solutions into production facilities. It will require a strong partnership with the Information Technology team, existing engineering groups, production plant leadership and executive leadership.
Essential Duties and Responsibilities:
Visit plant locations, learn and understand the production processes; identify and document automation opportunities
Yes


1ST SHIFT (United States of America)",30d+,www.glassdoor.com/partner/jobListing.htm?pos=103&ao=1136043&s=58&guid=000001846af940c7aeb07ef84e1528e6&src=GD_JOB_VIEW&t=SR&vt=w&cs=1_53a02028&cb=1668242039844&jobListingId=1008103718045&jrtk=3-0-1ghlfig7i24hu001-1ghlfig88i7ko800-2bae334a8118af76-
"['Tyson Foods, Inc.', '3.5']",http://www.tysonfoods.com/,IT Director of Enterprise Analytics,"Springdale, AR",$99K - $139K (Glassdoor est.),"Job Details:
This role will join a team that is responsible for plant readiness and the plant adoption of standard automated and robotic systems at Tyson Foods. The role will consist of visiting plant locations, documenting opportunities related to automation and improving the use of Tyson standard automated solutions through training and development of plant personnel. The automation team is responsible for identifying opportunities, developing proof of concept solutions and programmatically rolling out approved solutions. This position will provide ongoing support and training for installed standard automation solutions, focused on systematic and sustainable improvement and ongoing feedback into RND teams for enhancements to technology.
It will require a strong partnerships with the Information Technology team, Continuous improvement team, Reliable Maintenance and training teams, existing engineering groups, production plant leadership and executive leadership.

Duties And Responsibilities



No


1ST SHIFT (United States of America)",30d+,www.glassdoor.com/partner/jobListing.htm?pos=104&ao=1136043&s=58&guid=000001846af940c7aeb07ef84e1528e6&src=GD_JOB_VIEW&t=SR&vt=w&cs=1_9eacb7f5&cb=1668242043678&jobListingId=1008072269708&jrtk=3-0-1ghlfig7i24hu001-1ghlfig88i7ko800-d9e172a54f7f3a8c-
"['Tyson Foods, Inc.', '3.5']",http://www.tysonfoods.com/,IT Director of Enterprise Analytics,"Springdale, AR",$99K - $139K (Glassdoor est.),"Job Details:
Job Purpose/Summary:
This role will join a new team that is being commissioned to investigate, develop, and validate automation solutions for Tyson Foods Poultry Business Unit. The role will consist of developing and validating new automation and robotics capabilities into Tyson’s production plants. This is a role focused on the use of industrial robots, computer vision and sensing technologies, predictive analytics, machine learning and artificial intelligence. This role / team will work on innovative manufacturing solutions from development of proof of concept to implementation of these solutions into production facilities. It will require a strong partnership with the Information Technology team, existing engineering groups, production plant leadership and executive leadership.
Essential Duties and Responsibilities:
Visit plant locations and work with process SMEs to learn and understand the poultry production processes
No


1ST SHIFT (United States of America)",30d+,www.glassdoor.com/partner/jobListing.htm?pos=105&ao=1136043&s=58&guid=000001846af940c7aeb07ef84e1528e6&src=GD_JOB_VIEW&t=SR&vt=w&cs=1_f91e0cfd&cb=1668242046598&jobListingId=1007945385182&jrtk=3-0-1ghlfig7i24hu001-1ghlfig88i7ko800-54b81c35da8ea840-
"['Tyson Foods, Inc.', '3.5']",http://www.tysonfoods.com/,IT Director of Enterprise Analytics,"Springdale, AR",$99K - $139K (Glassdoor est.),"Job Details:
This role will be part of a team that is responsible for plant readiness and the plant adoption of standard automated and robotic systems at Tyson Foods. The role will consist of visiting plant locations, documenting opportunities related to automation and improving the use of Tyson standard automated solutions through training and development of plant personnel. The automation team is responsible for identifying opportunities, developing proof of concept solutions and programmatically rolling out approved solutions. This position will provide ongoing support and training for installed standard automation solutions, focused on systematic and sustainable improvement and ongoing feedback into RND teams for enhancements to technology.
It will require a strong partnerships with the Information Technology team, Continuous improvement team, Reliable Maintenance and training teams, existing engineering groups, production plant leadership and executive leadership.

Duties And Responsibilities



No


1ST SHIFT (United States of America)",30d+,www.glassdoor.com/partner/jobListing.htm?pos=106&ao=1136043&s=58&guid=000001846af940c7aeb07ef84e1528e6&src=GD_JOB_VIEW&t=SR&vt=w&cs=1_9d70c223&cb=1668242049331&jobListingId=1008072269601&jrtk=3-0-1ghlfig7i24hu001-1ghlfig88i7ko800-d3c43fe7b8b62bce-
"['Tyson Foods, Inc.', '3.5']",http://www.tysonfoods.com/,IT Director of Enterprise Analytics,"Springdale, AR",$99K - $139K (Glassdoor est.),"Job Details:
Job Summary

This role will join a new team that is being commissioned to investigate, evaluate and develop automation solutions for Tyson Foods. The role will consist of visiting, documenting and solutioning new automation and robotics capabilities into Tyson’s production plants. This is a role focused on the use of modern technologies such as Internet of Things, predictive and prescriptive analytics, machine learning and artificial intelligence. This role / team will identify opportunities, develop proof of concept solutions and present to executive leadership. Upon approval, this team would then work to implement these solutions into production facilities. It will require a strong partnership with the Information Technology team, existing engineering groups, production plant leadership and executive leadership.

Duties And Responsibilities



No


1ST SHIFT (United States of America)",30d+,www.glassdoor.com/partner/jobListing.htm?pos=107&ao=1136043&s=58&guid=000001846af940c7aeb07ef84e1528e6&src=GD_JOB_VIEW&t=SR&vt=w&cs=1_04c1489f&cb=1668242053504&jobListingId=1008035903536&jrtk=3-0-1ghlfig7i24hu001-1ghlfig88i7ko800-c726ad350d6e3754-
,,Digital Manufacturing Engineer III- Danville,"Danville, VA",$61K - $82K (Glassdoor est.),,4d,
"['Tyson Foods, Inc.', '3.5']",http://www.tysonfoods.com/,Analyst Applications - UX Designer,"Springdale, AR",$66K - $91K (Glassdoor est.),"Job Details:
Tyson Foods, Inc. is one of the world’s largest food companies and a recognized leader in protein. We are a company who innovates continually to make protein more sustainable, tailor food for everywhere it’s available and raise the world’s expectations for how much good food can do.
Globally, we are headquartered in the United States, with nearly 130,000 team members worldwide. Through its Core Values, Tyson Foods strives to operate with integrity, create value for its shareholders, customers, communities, and team members and serve as a steward of the animals, land and environment entrusted to it.
What is Tyson Technology?
The Technology Team at Tyson Foods is building the technology of the future. We’re transforming an 85-year-old company into the most modern food company in the world. We’re developing technologies that are used in our offices, in our plants, and in our farms. We’re building technologies that are changing the way this company works. We are utilizing cutting-edge technologies from machine learning to artificial intelligence to drones, that will help drive our business forward. At Tyson Foods we’re driving world class technology to revolutionize a world class company.


No


1ST SHIFT (United States of America)",30d+,www.glassdoor.com/partner/jobListing.htm?pos=101&ao=1136043&s=58&guid=000001846af9c17abbbe268239a5d505&src=GD_JOB_VIEW&t=SR&vt=w&cs=1_6172ed75&cb=1668242068175&jobListingId=1008120931570&jrtk=3-0-1ghlfjgd2ma7k801-1ghlfjgdki171800-70b8086d7161e3b4-
"['Tyson Foods, Inc.', '3.5']",http://www.tysonfoods.com/,Sr. Project Manager,"Springdale, AR",$82K - $116K (Glassdoor est.),"Job Details:
The role of the Sr. Project Manager is to establish, implement, develop and control best practices for project management throughout the organization. This includes defining and documenting all policies and processes of project lifecycles in order to deliver these projects according to plan and within budget.
Essential Duties Responsibilities:
Define how the scope goals and deliverables of projects should support business goals in collaboration with senior management.
Define project success criteria and disseminate them to involved parties throughout project lifecycle.
Effectively communicate and manage project expectations to project managers owners sponsors team members and other stakeholders in a clear and concise fashion.
No


1ST SHIFT (United States of America)",7d,www.glassdoor.com/partner/jobListing.htm?pos=101&ao=1136043&s=58&guid=000001846af9e5718d834e02a17dd810&src=GD_JOB_VIEW&t=SR&vt=w&cs=1_95a90187&cb=1668242078190&jobListingId=1008257590058&jrtk=3-0-1ghlfjpcu2a6o001-1ghlfjpdfjc8g800-8811001a94ffb605-
"['Tyson Foods, Inc.', '3.5']",http://www.tysonfoods.com/,Sr. Project Manager,"Springdale, AR",$82K - $116K (Glassdoor est.),"Job Details:
Fresh Meats Business is looking to transform and over the next couple of years will be transitioning to SAP. The SAP Program Manager will assist in a multi-year SAP S4 implementation and some other additional Strategic initiatives. This person must have experience going through an SAP implementations and 100% of their time will be dedicated to this project. They need to have at least 5-10 years' experience in managing SAP projects through the deployment lifecycle. This role must be able to see across multiple workstreams, anticipate issues and create/execute mitigation plans. This project is one of the top enterprise priority. This project manager provides management and structure around project scheduling, tracking, resource management issue management, risk management, change management, and status reporting with executive leadership.
Essential Duties Responsibilities:
Define how the scope goals and deliverables of projects should support business goals in collaboration with senior management.
No


1ST SHIFT (United States of America)",30d+,www.glassdoor.com/partner/jobListing.htm?pos=102&ao=1136043&s=58&guid=000001846af9e5718d834e02a17dd810&src=GD_JOB_VIEW&t=SR&vt=w&cs=1_65c8d8da&cb=1668242081449&jobListingId=1008171711391&jrtk=3-0-1ghlfjpcu2a6o001-1ghlfjpdfjc8g800-595d563d71aca402-
"['Tyson Foods, Inc.', '3.5']",http://www.tysonfoods.com/,Sr. Project Manager,"Springdale, AR",$82K - $116K (Glassdoor est.),"Job Details:
This position provides overall project management responsibility for assigned major IT projects and cost savings opportunities that contribute to business growth and efficiencies. Responsibility also includes providing project management support to existing systems-related efforts. Leadership skills in working with a cross-functional team through roadblocks and issues that would impede progress are required. Demonstrated ability to influence within IT and across business areas and effectively coordinate external and internal resources is needed along with a project management track record leading and delivering large complex projects. The successful candidate will serve as a mentor and an example for best-in-class project management.
RESPONSIBILITIES:
Lead planning and/or implementation of projects.
May have to participate in the design and or testing phases as SME.
No


1ST SHIFT (United States of America)",30d+,www.glassdoor.com/partner/jobListing.htm?pos=103&ao=1136043&s=58&guid=000001846af9e5718d834e02a17dd810&src=GD_JOB_VIEW&t=SR&vt=w&cs=1_fcb1b5c3&cb=1668242084762&jobListingId=1008181327361&jrtk=3-0-1ghlfjpcu2a6o001-1ghlfjpdfjc8g800-55d0c1389da35020-
"['Tyson Foods, Inc.', '3.5']",http://www.tysonfoods.com/,Data Management Analyst,"Springdale, AR",$47K - $66K (Glassdoor est.),"Job Details:
The Data Analyst position requires knowledge of the biological, physical, and engineering sciences that make possible safe and wholesome food products; of food industry facilities, methods, processes, equipment capabilities and limitations; and of relevant laws, regulations, and governmental oversight. This position is responsible for providing strategic business initiatives; assisting with the development, implementation, and support of internally developed business applications and processes; and technical and functional support of data-based applications and business systems for the internal/external users of the portfolio of the Product Development Management (PDM) systems used across the Enterprise. Data Analyst will be responsible for effectively and accurately assisting Business Unit management, FSQA, Technical Services, Continuous Improvement, and R&D technologists in creating required components for effective product specification execution within the Global Specification Management (GSM) system across approximately 118 production locations and multiple co-manufacturers. The Data Analyst performs duties with considerable latitude for the exercise of independent judgment that requires considerable professional, scientific, or technical training or experience which has demonstrated capacity for sound independent work. Incorrect decisions or actions could result in halting production or even removal of product from commerce, which would result in financial costs to the Company. Additionally, the Data Analyst needs to have knowledge of, and skill in, applying network principles and concepts; systems administration methods and procedures; customer support principles; IT security principles; troubleshooting methods; and utilize communication methods and techniques in providing guidance to our internal/external customers.


Yes


1ST SHIFT (United States of America)",18d,www.glassdoor.com/partner/jobListing.htm?pos=101&ao=1136043&s=58&guid=000001846afa1c5982012c92bb1d06a4&src=GD_JOB_VIEW&t=SR&vt=w&cs=1_ad7c49bb&cb=1668242092090&jobListingId=1008230240155&jrtk=3-0-1ghlfk74bmbhe801-1ghlfk74ui14k800-cc37a42951607543-
"['Tyson Foods, Inc.', '3.5']",http://www.tysonfoods.com/,Data Management Analyst,"Springdale, AR",$47K - $66K (Glassdoor est.),"Job Details:
SUMMARY: This position is responsible for leading technical analysis and development of the integration, testing, operations, and maintenance of security systems and infrastructure. Configures security infrastructure and tools (e.g. firewalls, IDS/IPS, vulnerability management). Ensures that security infrastructure and tools are properly maintained, updated, and are working to specification. Provides technical support to customers who need assistance. Performs network security analysis to understand vulnerabilities and can create, coordinate, and execute plans for mitigation. Implements network security controls and assists with the evaluation of organization security policies and procedures.
REQUIREMENTS:
Education & Experience: College degree (or equivalent experience) with 8+ years of progressive experience in business or IT environment or advanced degree with 6+ years of progressive experience.
Must have the ability to communicate technical information to non-technical team members. Practical knowledge of network security and vulnerability management scanning and remediation techniques; ability to analyze and interpret information technology proposals and evaluate and develop alternative implementation plans.
No


1ST SHIFT (United States of America)",24d,www.glassdoor.com/partner/jobListing.htm?pos=102&ao=1136043&s=58&guid=000001846afa1c5982012c92bb1d06a4&src=GD_JOB_VIEW&t=SR&vt=w&cs=1_29a7f369&cb=1668242095646&jobListingId=1008216226753&jrtk=3-0-1ghlfk74bmbhe801-1ghlfk74ui14k800-89b890f0d8d23d78-
"['Tyson Foods, Inc.', '3.5']",http://www.tysonfoods.com/,Data Management Analyst,"Springdale, AR",$47K - $66K (Glassdoor est.),"Job Details:
What is Tech@Tyson?
The IT Team at Tyson Foods is building the technology of the future. We’re transforming an 85-year-old company into the most modern food company in the world. We’re developing technologies that are used in our offices, they’re used in our plants, in our farms, they’re used everywhere. We’re building technologies that are changing the way this company works. Everything from machine learning to artificial intelligence to utilizing cutting edge technologies that will help drive our business forward. At Tyson Foods we’re driving world class technology to revolutionize a world class company.
Summary
This role is a business facing role that will engage with leaders across the organization to understand the key business drivers. Partnering with each transformation leader will be critical to the success of this role. Developing a roadmap that leverages the existing assets and driving next generation technology options is important to the transformational efforts. The team includes Analysts, Solution Leads and Project Managers and will work across the IT organization (and managed service partners) to execute projects and support activities.
No


1ST SHIFT (United States of America)",9d,www.glassdoor.com/partner/jobListing.htm?pos=103&ao=1136043&s=58&guid=000001846afa1c5982012c92bb1d06a4&src=GD_JOB_VIEW&t=SR&vt=w&cs=1_c15cf998&cb=1668242097565&jobListingId=1008253274812&jrtk=3-0-1ghlfk74bmbhe801-1ghlfk74ui14k800-d5818454a0d58517-
"['Tyson Foods, Inc.', '3.5']",http://www.tysonfoods.com/,Data Management Analyst,"Springdale, AR",$47K - $66K (Glassdoor est.),"Job Details:
The Senior Data Analyst position requires knowledge of the biological, physical, and engineering sciences that make possible safe and wholesome food products; of food industry facilities, methods, processes, equipment capabilities and limitations; and of relevant laws, regulations, and governmental oversight. This position is responsible for involvement with the planning, development, implementation, and administration of systems for the acquisition, storage, and retrieval of data within the data-based applications and business systems for the internal/external users of the portfolio of the Product Development Management (PDM) systems used across the Enterprise. The Senior Data Analyst may also have responsibility for designing, developing, and implementing training materials including facilitator guides, participant guides, job aids, and computer-based training/learning options. The Senior Data Analyst operates as an internal consultant to IT project teams to provide analysis and definition of data requirements; development and administration of data standards; policies, and procedures; development and implementation of data mining programs; evaluation and recommendations on new database technologies; and ensuring the rigorous application of information security/information assurance policies, principles, and practices in the delivery of data management services. The Senior Data Analyst performs duties with wide latitude for the exercise of independent judgement to perform responsible work of considerable difficulty requiring somewhat extended professional and technical training and experience which has demonstrated important attainments and marked capacity for independent work. Additionally, the Data Manager needs to have knowledge of, and skill in, applying network principles and concepts; systems administration methods and procedures; customer support principles; IT security principles; troubleshooting methods; and utilize communication methods and techniques in providing guidance to our internal/external customers.









Yes


1ST SHIFT (United States of America)",9d,www.glassdoor.com/partner/jobListing.htm?pos=104&ao=1136043&s=58&guid=000001846afa1c5982012c92bb1d06a4&src=GD_JOB_VIEW&t=SR&vt=w&cs=1_63e11096&cb=1668242100351&jobListingId=1008253274291&jrtk=3-0-1ghlfk74bmbhe801-1ghlfk74ui14k800-76c53c1148515d72-
"['Tyson Foods, Inc.', '3.5']",http://www.tysonfoods.com/,Data Management Analyst,"Springdale, AR",$47K - $66K (Glassdoor est.),"Job Details:
The Developer will work in one of Tyson Technology’s development teams and collaborate with other IT pillars to drive the on-going IT digital transformation that aims to establish world-class high-quality software. This role is expected to implement cloud native design patterns, establish and promote state of the art cloud-native solution patterns and standards and work with cloud infrastructure, cloud security and IT delivery teams to design and develop best in class cloud native systems. The role also involved in participating in several stages of the development lifecycle to guide development teams to build well designed cloud native solutions
Responsibilities:
Working closely with Tyson Business and System Analysts to understand business requirements and help translate these into technical requirements for the development team
Planning and documenting technical specifications for features or system design
No


1ST SHIFT (United States of America)",30d+,www.glassdoor.com/partner/jobListing.htm?pos=105&ao=1136043&s=58&guid=000001846afa1c5982012c92bb1d06a4&src=GD_JOB_VIEW&t=SR&vt=w&cs=1_6143070b&cb=1668242102252&jobListingId=1008171146077&jrtk=3-0-1ghlfk74bmbhe801-1ghlfk74ui14k800-33693d6c19da001b-
"['Tyson Foods, Inc.', '3.5']",http://www.tysonfoods.com/,Data Management Analyst,"Springdale, AR",$47K - $66K (Glassdoor est.),"Job Details:
Sr Analyst – Security Governance, Risk, and Compliance

Summary:
As part of the Cybersecurity team, the Sr Analyst – Security Governance, Risk, and Compliance provides guidance and support for security governance, risk management, and compliance requirements in support of Tyson’s Security and IT program. This position will evaluate risk and apply Tyson risk management methodologies to ensure that stakeholders are aware of relevant risk and controls required for execution. They will facilitate the onboarding and management of governance tools and processes. The position will work with leadership and architecture to provide technical guidance and evaluation of security controls and will ensure alignment with overall organizational goals. This position will evaluate 3rd party risk and will make recommendations to leadership and operational teams.

This is an individual contributor role and will not have direct reports. This role may direct others based on specific project needs.






No


1ST SHIFT (United States of America)",30d+,www.glassdoor.com/partner/jobListing.htm?pos=106&ao=1136043&s=58&guid=000001846afa1c5982012c92bb1d06a4&src=GD_JOB_VIEW&t=SR&vt=w&cs=1_80cb0d75&cb=1668242104168&jobListingId=1007613241327&jrtk=3-0-1ghlfk74bmbhe801-1ghlfk74ui14k800-324e6eb86a5e562c-
"['Tyson Foods, Inc.', '3.5']",http://www.tysonfoods.com/,Data Management Analyst,"Springdale, AR",$47K - $66K (Glassdoor est.),"Job Details:
What is Tech@Tyson?
The Information Technology Team at Tyson Foods is building the technology of the future. We are transforming an 85-year-old company into the most modern food company in the world. The implementation of innovative and impactful technologies like machine learning and artificial intelligence are driving superior business value in our offices, plants, and farms. Here at Tyson Foods, we are focused on deploying world class technologies to revolutionize a world class company.
Summary
This role is a business facing role that will engage with leaders across the organization to understand the key business drivers. Partnering with each transformation leader will be critical to the success of this role. Developing a roadmap that leverages the existing assets and driving next generation technology options is important to the transformational efforts. The team includes Analysts, Solution Leads and Project Managers and will work across the IT (Information Technology) organization (and managed service partners) to execute projects and support activities.


No


1ST SHIFT (United States of America)",30d+,www.glassdoor.com/partner/jobListing.htm?pos=107&ao=1136043&s=58&guid=000001846afa1c5982012c92bb1d06a4&src=GD_JOB_VIEW&t=SR&vt=w&cs=1_419d9628&cb=1668242107013&jobListingId=1008137350792&jrtk=3-0-1ghlfk74bmbhe801-1ghlfk74ui14k800-4bf6e3cce207b478-
"['Tyson Foods, Inc.', '3.5']",http://www.tysonfoods.com/,Data Management Analyst,"Springdale, AR",$47K - $66K (Glassdoor est.),"Job Details:
The IT Team at Tyson Foods is building the technology of the future. We’re transforming an 85-year-old company into the most modern food company in the world. We’re developing technologies that are used in our offices, they’re used in our plants, in our farms, they’re used everywhere. We’re building technologies that are changing the way this company works. Everything from machine learning to artificial intelligence to utilizing cutting edge technologies that will help drive our business forward. At Tyson Foods we’re driving world class technology to revolutionize a world class company.
Summary: This role is a business facing role that will engage with leaders across the Finance organization to understand the key business drivers. Partnering with each transformation leader will be critical to the success of this role. Developing a roadmap that leverages the existing assets and driving next generation technology options is important to the transformational efforts. The team includes Analysts, Solution Leads and Project Managers and will work across the IT organization (and managed service partners) to execute projects and support activities.
No


1ST SHIFT (United States of America)",30d+,www.glassdoor.com/partner/jobListing.htm?pos=108&ao=1136043&s=58&guid=000001846afa1c5982012c92bb1d06a4&src=GD_JOB_VIEW&t=SR&vt=w&cs=1_3ab4aba3&cb=1668242108685&jobListingId=1008030539063&jrtk=3-0-1ghlfk74bmbhe801-1ghlfk74ui14k800-6658658670e88e63-
"['Tyson Foods, Inc.', '3.5']",http://www.tysonfoods.com/,Data Management Analyst,"Springdale, AR",$47K - $66K (Glassdoor est.),"Job Details:
The Tyson Foods Networking team is responsible for implementing and maintaining connectivity to remote plants, hatcheries and feed mills supporting critical business functions. In this role you will utilize your expertise to design, build, and maintain a complex LAN and WAN infrastructure supporting the growth of digital transformation. You will also influence and contribute to strategic planning efforts as we continuously improve the delivery of networking services supporting our rapidly growing business.
Responsibilities
Translate business requirements into network designs and solutions
Collaborating with a group of network engineers delivering new solutions to support enterprise networking
Partner with equipment manufactures and internal customers to test and certify IoT solutions

Minimum Qualifications

Preferred Qualifications

Minimum Years of Experience 4
Travel Requirements 10%
Required Level of Education High School
Preferred Level of Education Bachelor’s Degree
No


1ST SHIFT (United States of America)",30d+,www.glassdoor.com/partner/jobListing.htm?pos=109&ao=1136043&s=58&guid=000001846afa1c5982012c92bb1d06a4&src=GD_JOB_VIEW&t=SR&vt=w&cs=1_1059161e&cb=1668242111544&jobListingId=1007898496272&jrtk=3-0-1ghlfk74bmbhe801-1ghlfk74ui14k800-1ed2446bdd03ec3e-
"['Tyson Foods, Inc.', '3.5']",http://www.tysonfoods.com/,Data Management Analyst,"Springdale, AR",$47K - $66K (Glassdoor est.),"Job Details:
This position is responsible for leading a team of Regulatory and/or Data Analysts on behalf of Regulatory and Data Management. This position requires knowledge of the biological, physical, and engineering sciences that make possible safe and wholesome food products; of food industry facilities, methods, processes, equipment capabilities and limitations; and of relevant laws, regulations, and governmental oversight. This position is responsible for involvement with the planning, development, implementation, and administration of systems for the acquisition, storage, and retrieval of data within the data-based applications and business systems for the internal/external users of the portfolio of the Product Development Management (PDM) systems used across the Enterprise. The Regulatory or Data Manager will also have responsibility for accurately leading the Regulatory or Data Analysts in planning, organizing, and carrying out all assignments; resolving almost all technical problems; and coordination the work with other managers. The Regulatory Manager serves as a regulatory advisor to FSQA leadership and supported Business Units for basic regulatory interactions, but also provides compliancy resolution in critical situations. The person in this position will have a strong working knowledge of packaging, ingredients, product formulation, and operational processing to support innovative product development. This position is thoroughly knowledgeable in all aspects of USDA/FDA packaging regulations, governmental agency work streams, and/or product specification systems. The Data Manager performs duties with wide latitude for the exercise of independent judgement to perform responsible work of considerable difficulty requiring somewhat extended professional and technical training and experience which has demonstrated important attainments and marked capacity for independent work. Additionally, the Regulatory or Data Manager needs to have knowledge of, and skill in, applying network principles and concepts; systems administration methods and procedures; customer support principles; IT security principles; troubleshooting methods; and utilize communication methods and techniques in providing guidance to our internal/external customers.
No


1ST SHIFT (United States of America)",21d,www.glassdoor.com/partner/jobListing.htm?pos=110&ao=1136043&s=58&guid=000001846afa1c5982012c92bb1d06a4&src=GD_JOB_VIEW&t=SR&vt=w&cs=1_a85c9b52&cb=1668242115378&jobListingId=1008225276831&jrtk=3-0-1ghlfk74bmbhe801-1ghlfk74ui14k800-523c689a5cbcb1ee-
"['Tyson Foods, Inc.', '3.5']",http://www.tysonfoods.com/,Data Management Analyst,"Springdale, AR",$47K - $66K (Glassdoor est.),"Job Details:
What is Tech@Tyson?
The IT Team at Tyson Foods is building the technology of the future. We’re transforming an 85-year-old company into the most modern food company in the world. We’re developing technologies that are used in our offices, they’re used in our plants, in our farms, they’re used everywhere. We’re building technologies that are changing the way this company works. Everything from machine learning to artificial intelligence to utilizing cutting edge technologies that will help drive our business forward. At Tyson Foods we’re driving world class technology to revolutionize a world class company.
Summary
This role is a business facing role that will engage with leaders across the organization to understand the key business drivers. Partnering with each transformation leader will be critical to the success of this role. Developing a roadmap that leverages the existing assets and driving next generation technology options is important to the transformational efforts. The team includes Analysts, Solution Leads and Project Managers and will work across the IT organization (and managed service partners) to execute projects and support activities.
No


1ST SHIFT (United States of America)",30d+,www.glassdoor.com/partner/jobListing.htm?pos=111&ao=1136043&s=58&guid=000001846afa1c5982012c92bb1d06a4&src=GD_JOB_VIEW&t=SR&vt=w&cs=1_9886ed5e&cb=1668242119234&jobListingId=1008091773338&jrtk=3-0-1ghlfk74bmbhe801-1ghlfk74ui14k800-72b1ac971cad4d1f-
"['Tyson Foods, Inc.', '3.5']",http://www.tysonfoods.com/,Business Intelligence and Analytics Partner- Human Resources,"Springdale, AR",$65K - $91K (Glassdoor est.),"Job Details:
Tyson Foods is a progressive, global food company raising the world’s expectations for how much good food can do. Tyson is on a multi-year journey to transform into a more digital, data-driven organization. HR is at the forefront of this transformation – including new investments in HR Business Intelligence (BI) and Analytics capabilities. Come see what makes Tyson Foods a great place to work – and get in on the ground floor.
Summary:
The HR BI and Analytics Partner is a full-cycle, consultative BI and Analytics professional – with the ability to scope enterprise BI and ad-hoc analytical projects; execute the project; and present back observations and insights to stakeholders (from the Executive and Board level to front-line HR and business leaders). They will support the delivery of the HR strategy by querying workforce and survey data; manipulating/ combining/ ”munging” it; and developing observations and insights from analysis rooted in data. Then, they will package consumable observations and insights to support HR and business leaders in making data-driven decisions. The HR BI and Analytics Partner should be curious; able scope/shape stakeholder problem statements; capable of digging into the data for non-obvious or counter-intuitive insights; and be both detailed-oriented and able to see the big picture.
Yes


1ST SHIFT (United States of America)",2d,www.glassdoor.com/partner/jobListing.htm?pos=101&ao=1136043&s=58&guid=000001846afaadfb9c3d2a215f853578&src=GD_JOB_VIEW&t=SR&vt=w&cs=1_f94d8fd8&cb=1668242130188&jobListingId=1008269071727&jrtk=3-0-1ghlflbh720hv001-1ghlflbhrgspa800-ea7babd41edae12b-
"['C3 AI', '4.1']",http://www.c3.ai/,Business Intelligence and Analytics Partner- Human Resources,"Springdale, AR",$65K - $91K (Glassdoor est.),"C3.ai, Inc. (NYSE:AI) is a leading provider of Enterprise AI software for accelerating digital transformation. The proven C3 AI Suite provides comprehensive services to build enterprise-scale AI applications more efficiently and cost-effectively than alternative approaches. The core of the C3 AI offering is an open, data-driven AI architecture that dramatically simplifies data science and application development. Learn more at: www.c3.ai
C3.ai is a leading enterprise AI software provider for accelerating digital transformation. The comprehensive and proven C3 AI Suite uses a model-driven abstraction layer to enable organizations to develop, deploy, and operate enterprise scale AI applications 40x to 100x faster than alternative approaches. www.c3.ai
We are looking for a Site Reliability Engineer - Federal to join our team in Tysons, Virginia or Redwood City, California.",30d+,www.glassdoor.com/partner/jobListing.htm?pos=102&ao=1136043&s=58&guid=000001846afaadfb9c3d2a215f853578&src=GD_JOB_VIEW&t=SR&vt=w&cs=1_de1a5219&cb=1668242132146&jobListingId=1006851075730&jrtk=3-0-1ghlflbh720hv001-1ghlflbhrgspa800-b90aaec231b19921-
"['Tyson Foods, Inc.', '3.5']",http://www.tysonfoods.com/,Electrical Engineer III,"Fayetteville, AR",$68K - $89K (Glassdoor est.),"Job Details:
Summary:
As part of the Prepared Foods Engineering Discipline team, the Engineer III will utilize their experience and knowledge of the practical application of engineering science and technology focusing on projects which support the scope and budgeting generation, design, construction, and project management of large-scale capital projects within the Prepared Foods manufacturing network and the Warehousing & Transportation network for Tyson Corporate. This position focuses on applying principles, techniques, procedures, and equipment to the design and production of various goods and services focusing on Electrical.
This position will report directly to the Sr. Manager, Engineering Electrical with Discipline Engineering responsibilities and will focus primarily on Electrical engineering functions.
Location: This position will be based out of Tyson’s Fayetteville, Arkansas office. Relocation assistance may be provided for those candidates that qualify under Tyson’s relocation policy.
Yes


1ST SHIFT (United States of America)",29d,www.glassdoor.com/partner/jobListing.htm?pos=101&ao=1136043&s=58&guid=000001846afaf166b2a883b5cbb874dc&src=GD_JOB_VIEW&t=SR&vt=w&cs=1_44773d43&cb=1668242147042&jobListingId=1008204977942&jrtk=3-0-1ghlflscjkugp801-1ghlflsd3gspa800-6482d54abe80d07a-
"['Tyson Foods, Inc.', '3.5']",http://www.tysonfoods.com/,Electrical Engineer III,"Fayetteville, AR",$68K - $89K (Glassdoor est.),"Job Details:
Summary: This position will support the Warehouse and Transportation network by deploying automation solutions and technical expertise to achieve business, financial, and strategic objectives. Other responsibilities include: Working cross-functionally with the automation, maintain corporate design guidelines, and developing facility improvement strategies and plans that meet or exceed established business objectives. This position will report to the Senior Director of Engineering for Warehousing and Transportation. The expectations of the role include, but are not limited to:
Responsible for the design and implementation of new technology and automation projects across the warehousing/transportation network
Responsible for the design and execution of technology implementations
Responsible for management of schedules and budgets for POT/POC, Pilots, and roll-outs
Yes


1ST SHIFT (United States of America)",30d+,www.glassdoor.com/partner/jobListing.htm?pos=102&ao=1136043&s=58&guid=000001846afaf166b2a883b5cbb874dc&src=GD_JOB_VIEW&t=SR&vt=w&cs=1_9d105f47&cb=1668242149990&jobListingId=1008063351399&jrtk=3-0-1ghlflscjkugp801-1ghlflsd3gspa800-155a142bda931217-
"['Tyson Foods, Inc.', '3.5']",http://www.tysonfoods.com/,Electrical Engineer III,"Fayetteville, AR",$68K - $89K (Glassdoor est.),"Job Details:
JOB PURPOSE – SUMMARY
As part of the Prepared Foods Engineering Discipline team, the Engineer IV will utilize their experience and knowledge of the practical application of engineering science and technology focusing on projects which support the scope and budgeting generation, design, construction, and project management of large scale capital projects within the Prepared Foods manufacturing network for Tyson Corporate. This position focuses on applying principles, techniques, procedures, and equipment to the design and production of various goods and services focusing on Civil/Structural/Architectural (CSA).
This position will report directly to the Senior Manager, Engineering CSA with Discipline Engineering responsibilities and will focus primarily on CSA engineering functions.
Location: This position will be based out of Tyson’s HQ in Springdale, Arkansas. Relocation assistance may be provided for those who qualify under Tyson’s Relocation Policy guidelines.
ESSENTIAL CORE DUTIES AND RESPONSIBILITIES
Yes


1ST SHIFT (United States of America)",22d,www.glassdoor.com/partner/jobListing.htm?pos=103&ao=1136043&s=58&guid=000001846afaf166b2a883b5cbb874dc&src=GD_JOB_VIEW&t=SR&vt=w&cs=1_f296b8db&cb=1668242152736&jobListingId=1008221482972&jrtk=3-0-1ghlflscjkugp801-1ghlflsd3gspa800-ed2d66f76df18e27-
"['Amwell', '3.7']",http://www.savingcranes.org/,Electrical Engineer III,"Fayetteville, AR",$68K - $89K (Glassdoor est.),"Company Description
Amwell is a leading telehealth platform in the United States and globally, connecting and enabling providers, insurers, patients, and innovators to deliver greater access to more affordable, higher quality care. Amwell believes that digital care delivery will transform healthcare. We offer a single, comprehensive platform to support all telehealth needs from urgent to acute and post-acute care, as well as chronic care management and healthy living. With over a decade of experience, Amwell powers telehealth solutions for over 150 health systems comprised of 2,000 hospitals and 55 health plan partners with over 36,000 employers, covering over 80 million lives.
Brief Overview:
The Site Reliability Engineer will play a critical role in the Amwell Hosting department. Specifically, they will work to automate infrastructure management, improve service reliability, and support software delivery and deployment.",30d+,
"['Tyson Foods, Inc.', '3.5']",http://www.tysonfoods.com/,Electrical Engineer III,"Fayetteville, AR",$68K - $89K (Glassdoor est.),"Job Details:
Summary:
As part of the Prepared Foods Engineering Discipline team, the Engineer III will utilize their experience and knowledge of the practical application of engineering science and technology focusing on projects which support the scope and budgeting generation, design, construction, and project management of large scale capital projects within the Prepared Foods manufacturing network for Tyson Corporate. This position focuses on applying principles, techniques, procedures, and equipment to the design and production of various goods and services focusing on Civil/Structural/Architectural (CSA).
This position will report directly to the Senior Manager, Engineering CSA with Discipline Engineering responsibilities and will focus primarily on CSA engineering functions.
Location: This position will be based out of Tyson’s Fayetteville, Arkansas office. Relocation assistance may be provided for those candidates that qualify under Tyson’s relocation policy.

Yes


1ST SHIFT (United States of America)",30d+,www.glassdoor.com/partner/jobListing.htm?pos=105&ao=1136043&s=58&guid=000001846afaf166b2a883b5cbb874dc&src=GD_JOB_VIEW&t=SR&vt=w&cs=1_a65d8dc8&cb=1668242159462&jobListingId=1008189857374&jrtk=3-0-1ghlflscjkugp801-1ghlflsd3gspa800-05d6cd93bea624ba-
"['Tyson Foods, Inc.', '3.5']",http://www.tysonfoods.com/,Business Intelligence and Analytics Partner- Human Resources,"Springdale, AR",$65K - $91K (Glassdoor est.),"Job Details:
Tyson Foods is a progressive, global food company raising the world’s expectations for how much good food can do. Tyson is on a multi-year journey to transform into a more digital, data-driven organization. HR is at the forefront of this transformation – including new investments in HR Business Intelligence (BI) and Analytics capabilities. Come see what makes Tyson Foods a great place to work – and get in on the ground floor.
Summary:
The HR BI and Analytics Partner is a full-cycle, consultative BI and Analytics professional – with the ability to scope enterprise BI and ad-hoc analytical projects; execute the project; and present back observations and insights to stakeholders (from the Executive and Board level to front-line HR and business leaders). They will support the delivery of the HR strategy by querying workforce and survey data; manipulating/ combining/ ”munging” it; and developing observations and insights from analysis rooted in data. Then, they will package consumable observations and insights to support HR and business leaders in making data-driven decisions. The HR BI and Analytics Partner should be curious; able scope/shape stakeholder problem statements; capable of digging into the data for non-obvious or counter-intuitive insights; and be both detailed-oriented and able to see the big picture.
Yes


1ST SHIFT (United States of America)",2d,www.glassdoor.com/partner/jobListing.htm?pos=101&ao=1136043&s=58&guid=000001846afb5504be2a98edac7c4439&src=GD_JOB_VIEW&t=SR&vt=w&cs=1_a6e580ad&cb=1668242173050&jobListingId=1008269071727&jrtk=3-0-1ghlfml9mmbgo801-1ghlfmla8i7nt800-ea7babd41edae12b-
"['C3 AI', '4.1']",http://www.c3.ai/,Business Intelligence and Analytics Partner- Human Resources,"Springdale, AR",$65K - $91K (Glassdoor est.),"C3.ai, Inc. (NYSE:AI) is a leading provider of Enterprise AI software for accelerating digital transformation. The proven C3 AI Suite provides comprehensive services to build enterprise-scale AI applications more efficiently and cost-effectively than alternative approaches. The core of the C3 AI offering is an open, data-driven AI architecture that dramatically simplifies data science and application development. Learn more at: www.c3.ai
C3.ai is a leading enterprise AI software provider for accelerating digital transformation. The comprehensive and proven C3 AI Suite uses a model-driven abstraction layer to enable organizations to develop, deploy, and operate enterprise scale AI applications 40x to 100x faster than alternative approaches. www.c3.ai
We are looking for a Site Reliability Engineer - Federal to join our team in Tysons, Virginia or Redwood City, California.",30d+,www.glassdoor.com/partner/jobListing.htm?pos=102&ao=1136043&s=58&guid=000001846afb5504be2a98edac7c4439&src=GD_JOB_VIEW&t=SR&vt=w&cs=1_81b25d6c&cb=1668242176706&jobListingId=1006851075730&jrtk=3-0-1ghlfml9mmbgo801-1ghlfmla8i7nt800-b90aaec231b19921-
,,Business Intelligence and Analytics Partner- Human Resources,"Springdale, AR",$65K - $91K (Glassdoor est.),,30d+,
"['Tyson Foods, Inc.', '3.5']",http://www.tysonfoods.com/,Senior Data Analyst Manager,"Springdale, AR",$71K - $98K (Glassdoor est.),"Job Details:
The Senior Data Analyst position requires knowledge of the biological, physical, and engineering sciences that make possible safe and wholesome food products; of food industry facilities, methods, processes, equipment capabilities and limitations; and of relevant laws, regulations, and governmental oversight. This position is responsible for involvement with the planning, development, implementation, and administration of systems for the acquisition, storage, and retrieval of data within the data-based applications and business systems for the internal/external users of the portfolio of the Product Development Management (PDM) systems used across the Enterprise. The Senior Data Analyst may also have responsibility for designing, developing, and implementing training materials including facilitator guides, participant guides, job aids, and computer-based training/learning options. The Senior Data Analyst operates as an internal consultant to IT project teams to provide analysis and definition of data requirements; development and administration of data standards; policies, and procedures; development and implementation of data mining programs; evaluation and recommendations on new database technologies; and ensuring the rigorous application of information security/information assurance policies, principles, and practices in the delivery of data management services. The Senior Data Analyst performs duties with wide latitude for the exercise of independent judgement to perform responsible work of considerable difficulty requiring somewhat extended professional and technical training and experience which has demonstrated important attainments and marked capacity for independent work. Additionally, the Data Manager needs to have knowledge of, and skill in, applying network principles and concepts; systems administration methods and procedures; customer support principles; IT security principles; troubleshooting methods; and utilize communication methods and techniques in providing guidance to our internal/external customers.









Yes


1ST SHIFT (United States of America)",9d,www.glassdoor.com/partner/jobListing.htm?pos=101&ao=1136043&s=58&guid=000001846afb89829bb33d62cd41fbc0&src=GD_JOB_VIEW&t=SR&vt=w&cs=1_55b79be0&cb=1668242187060&jobListingId=1008253274291&jrtk=3-0-1ghlfn2d9kuj7801-1ghlfn2dmghqu800-76c53c1148515d72-
"['Tyson Foods, Inc.', '3.5']",http://www.tysonfoods.com/,Senior Data Analyst Manager,"Springdale, AR",$71K - $98K (Glassdoor est.),"Job Details:
Tyson Foods, Inc. is one of the world’s largest food companies and a recognized leader in protein. We are a company who innovates continually to make protein more sustainable, tailor food for everywhere it’s available and raise the world’s expectations for how much good food can do.
Globally, we are headquartered in the United States, with nearly 130,000 team members worldwide. Through its Core Values, Tyson Foods strives to operate with integrity, create value for its shareholders, customers, communities, and team members and serve as a steward of the animals, land and environment entrusted to it.
What is Tyson Technology?
The IT Team at Tyson Foods is building the technology of the future. We’re transforming an 85-year-old company into the most modern food company in the world. We’re developing technologies that are used in our offices, they’re used in our plants, in our farms, they’re used everywhere. We’re building technologies that are changing the way this company works. Everything from machine learning to artificial intelligence to utilizing cutting edge tech like drones, that will help drive our business forward. At Tyson Foods we’re driving world class technology to revolutionize a world class company.



No


1ST SHIFT (United States of America)",24d,www.glassdoor.com/partner/jobListing.htm?pos=102&ao=1136043&s=58&guid=000001846afb89829bb33d62cd41fbc0&src=GD_JOB_VIEW&t=SR&vt=w&cs=1_4c8abab6&cb=1668242190874&jobListingId=1008215621308&jrtk=3-0-1ghlfn2d9kuj7801-1ghlfn2dmghqu800-22c7f51bf93f77a9-
"['Tyson Foods, Inc.', '3.5']",http://www.tysonfoods.com/,Data Management Analyst,"Springdale, AR",$47K - $66K (Glassdoor est.),"Job Details:
The Data Analyst position requires knowledge of the biological, physical, and engineering sciences that make possible safe and wholesome food products; of food industry facilities, methods, processes, equipment capabilities and limitations; and of relevant laws, regulations, and governmental oversight. This position is responsible for providing strategic business initiatives; assisting with the development, implementation, and support of internally developed business applications and processes; and technical and functional support of data-based applications and business systems for the internal/external users of the portfolio of the Product Development Management (PDM) systems used across the Enterprise. Data Analyst will be responsible for effectively and accurately assisting Business Unit management, FSQA, Technical Services, Continuous Improvement, and R&D technologists in creating required components for effective product specification execution within the Global Specification Management (GSM) system across approximately 118 production locations and multiple co-manufacturers. The Data Analyst performs duties with considerable latitude for the exercise of independent judgment that requires considerable professional, scientific, or technical training or experience which has demonstrated capacity for sound independent work. Incorrect decisions or actions could result in halting production or even removal of product from commerce, which would result in financial costs to the Company. Additionally, the Data Analyst needs to have knowledge of, and skill in, applying network principles and concepts; systems administration methods and procedures; customer support principles; IT security principles; troubleshooting methods; and utilize communication methods and techniques in providing guidance to our internal/external customers.


Yes


1ST SHIFT (United States of America)",18d,www.glassdoor.com/partner/jobListing.htm?pos=101&ao=1136043&s=58&guid=000001846afbdf62bd885165288409f9&src=GD_JOB_VIEW&t=SR&vt=w&cs=1_a3fa334d&cb=1668242207354&jobListingId=1008230240155&jrtk=3-0-1ghlfnnslkcn5801-1ghlfnnt2imbd800-cc37a42951607543-
"['Tyson Foods, Inc.', '3.5']",http://www.tysonfoods.com/,Data Management Analyst,"Springdale, AR",$47K - $66K (Glassdoor est.),"Job Details:
What is Tyson Technology?
The IT Team at Tyson Foods is building the technology of the future. We’re transforming an 85-year-old company into the most modern food company in the world. We’re developing technologies that are used in our offices, they’re used in our plants, in our farms, they’re used everywhere. We’re building technologies that are changing the way this company works. Everything from machine learning to artificial intelligence to utilizing cutting edge tech like drones, that will help drive our business forward. At Tyson Foods we’re driving world class technology to revolutionize a world class company.
What is the IT Trade, Sales Order Management and Pricing Team?
We partner with our business teams to focus on defining problems and designing creative solutions to solve them. We are constantly striving to act as change agents to drive digital transformation in our business processes and culture. We explore new cutting-edge technologies that enable our team to work more safely, efficiently, and effectively. If you are an eager learner and passionate about how software and technology transform process, this is the right team for you!
No


1ST SHIFT (United States of America)",30d+,www.glassdoor.com/partner/jobListing.htm?pos=102&ao=1136043&s=58&guid=000001846afbdf62bd885165288409f9&src=GD_JOB_VIEW&t=SR&vt=w&cs=1_dcde4916&cb=1668242211309&jobListingId=1007954829594&jrtk=3-0-1ghlfnnslkcn5801-1ghlfnnt2imbd800-c193955939f45142-
"['Tyson Foods, Inc.', '3.5']",http://www.tysonfoods.com/,Data Management Analyst,"Springdale, AR",$47K - $66K (Glassdoor est.),"Job Details:
What is Tyson Technology?
The IT Team at Tyson Foods is building the technology of the future. We’re transforming an 85-year-old company into the most modern food company in the world. We’re developing technologies that are used in our offices, they’re used in our plants, in our farms, they’re used everywhere. We’re building technologies that are changing the way this company works. Everything from machine learning to artificial intelligence to utilizing cutting edge tech like drones, that will help drive our business forward. At Tyson Foods we’re driving world class technology to revolutionize a world class company.
What is the IT Trade, Sales Order Management and Pricing Team?
We partner with our business teams to focus on defining problems and designing creative solutions to solve them. We are constantly striving to act as change agents to drive digital transformation in our business processes and culture. We explore new cutting-edge technologies that enable our team to work more safely, efficiently, and effectively. If you are an eager learner and passionate about how software and technology transform process, this is the right team for you!


No


1ST SHIFT (United States of America)",30d+,www.glassdoor.com/partner/jobListing.htm?pos=103&ao=1136043&s=58&guid=000001846afbdf62bd885165288409f9&src=GD_JOB_VIEW&t=SR&vt=w&cs=1_329b4d1b&cb=1668242213003&jobListingId=1007857776888&jrtk=3-0-1ghlfnnslkcn5801-1ghlfnnt2imbd800-8aae55728823a569-
"['Tyson Foods, Inc.', '3.5']",http://www.tysonfoods.com/,Data Management Analyst,"Springdale, AR",$47K - $66K (Glassdoor est.),"Job Details:
SUMMARY:
This Corporate Payroll position is responsible for processing all domestic payroll, safeguarding confidential data and providing a high level of customer service to all Team Members within the company. Responsibilities include: to ensure the accurate calculation of wages, tax withholding and company deductions; statistical reporting on Team Member’s regular and miscellaneous pay, deductions, tax withholdings, etc.; overseeing the distribution of paychecks, direct deposit advices and to help administer the electronic pay programs; ensures payroll records are updated and reports on any matters of interest; managing BI Reconciliation report; resolve Payroll issues with TEAM members, HR, management, and plant location personnel; facilitating team calls/meetings; assist with team reviews; managing team metrics including KPIs; maintain a neutral budget; and other miscellaneous duties. This position will also provide back-up for various payroll processes including but not limited to garnishment, times system, relocation, and other miscellaneous cross training duties.







No


1ST SHIFT (United States of America)",4d,www.glassdoor.com/partner/jobListing.htm?pos=104&ao=1136043&s=58&guid=000001846afbdf62bd885165288409f9&src=GD_JOB_VIEW&t=SR&vt=w&cs=1_5f998299&cb=1668242216989&jobListingId=1008262030296&jrtk=3-0-1ghlfnnslkcn5801-1ghlfnnt2imbd800-dd3da87cfe65cd2c-
"['Tyson Foods, Inc.', '3.5']",http://www.tysonfoods.com/,Data Management Analyst,"Springdale, AR",$47K - $66K (Glassdoor est.),"Job Details:
What is Tyson Technology?
The IT Team at Tyson Foods is building the technology of the future. We’re transforming an 85-year-old company into the most modern food company in the world. We’re developing technologies that are used in our offices, they’re used in our plants, in our farms, they’re used everywhere. We’re building technologies that are changing the way this company works. Everything from machine learning to artificial intelligence to utilizing cutting edge tech like drones, that will help drive our business forward. At Tyson Foods we’re driving world class technology to revolutionize a world class company.
What is the role?
Tyson Foods is growing! Come be part of a team that is transforming Tyson Foods by enabling technology to improve processes and our customer and team member experiences. As the IT liaison for our sales and marketing operations your focus will be on our current CRM platform SugarCRM and a variety of other set of tools (Vertify, Marketo, GCP, Tableua, Sprinklr, etc.) that interface with the platform. You will drive strategic business analysis to our internal business partners, stakeholders, and IT through business and functional requirements for SugarCRM configuration, data sources, definitions, dashboard, and report development. This includes working with external vendors to understand the integrations between other systems and platforms. This position will serve as a key advocate for the broader use and adoption of CRM platform.
No


1ST SHIFT (United States of America)",30d+,www.glassdoor.com/partner/jobListing.htm?pos=105&ao=1136043&s=58&guid=000001846afbdf62bd885165288409f9&src=GD_JOB_VIEW&t=SR&vt=w&cs=1_339d3fa8&cb=1668242220700&jobListingId=1007947403843&jrtk=3-0-1ghlfnnslkcn5801-1ghlfnnt2imbd800-e0c1c13220cbfb91-
"['Tyson Foods, Inc.', '3.5']",http://www.tysonfoods.com/,Data Management Analyst,"Springdale, AR",$47K - $66K (Glassdoor est.),"Job Details:
The IT Team at Tyson Foods is building the technology of the future. We’re transforming an 85-year-old company into the most modern food company in the world. We’re developing technologies that are used in our offices, they’re used in our plants, in our farms, they’re used everywhere. We’re building technologies that are changing the way this company works. Everything from machine learning to artificial intelligence to utilizing cutting edge tech like drones, that will help drive our business forward. At Tyson Foods we’re driving world class technology to revolutionize a world class company.
What is the IT Customer Enablement Team?
We partner with our business teams to focus on defining problems and designing creative solutions to solve them. We are constantly striving to act as change agents to drive digital transformation in our business processes and culture. We explore new cutting-edge technologies that enable our team to work more safely, efficiently, and effectively. If you are an eager learner and passionate about how technology transform process, this is the right team for you!
No


1ST SHIFT (United States of America)",30d+,www.glassdoor.com/partner/jobListing.htm?pos=106&ao=1136043&s=58&guid=000001846afbdf62bd885165288409f9&src=GD_JOB_VIEW&t=SR&vt=w&cs=1_b7c0b9bd&cb=1668242224520&jobListingId=1007954829588&jrtk=3-0-1ghlfnnslkcn5801-1ghlfnnt2imbd800-d9d9af0704424a6c-
"['Tyson Foods, Inc.', '3.5']",http://www.tysonfoods.com/,Data Management Analyst,"Springdale, AR",$47K - $66K (Glassdoor est.),"Job Details:
What is Tyson Technology?
The IT Team at Tyson Foods is building the technology of the future. We’re transforming an 85-year-old company into the most modern food company in the world. We’re developing technologies that are used in our offices, they’re used in our plants, in our farms, they’re used everywhere. We’re building technologies that are changing the way this company works. Everything from machine learning to artificial intelligence to utilizing cutting edge tech like drones, that will help drive our business forward. At Tyson Foods we’re driving world class technology to revolutionize a world class company.
What is the role?
Tyson Foods is growing! Come be part of a team that wants to help transform Tyson Foods by enabling technology to improve processes and our customer and team member experiences. As the IT liaison for our sales and marketing operations, supporting data and analytics technology (e.g. SAP HANA, GCP, PowerBI, etc...), you will drive insight generation capability delivery through business and functional requirements for data sources, definitions, data governance, quality testing, dashboard design and analytics outcomes. This includes working with external vendors to understand the data landscape and integrations between systems and platforms. This position will serve as a key advocate for the broader use and adoption of these systems (use cases and solutions that scale). This means staying current on data and analytics capabilities and supporting the implementation of best practices in analytics projects.
No


1ST SHIFT (United States of America)",30d+,www.glassdoor.com/partner/jobListing.htm?pos=107&ao=1136043&s=58&guid=000001846afbdf62bd885165288409f9&src=GD_JOB_VIEW&t=SR&vt=w&cs=1_f9953955&cb=1668242228391&jobListingId=1008081739075&jrtk=3-0-1ghlfnnslkcn5801-1ghlfnnt2imbd800-a9e69cea0de37805-
